store_id,store_name,category,menu_name,menu_price,rating,review_count,delivery_fee,coupon_discount,min_order_price,takeout_discount,estimated_delivery_time,positive_keywords,negative_keywords
C001,바삭치킨,치킨,후라이드치킨,16000,4.1,124,3000,3000,15000,1000,45,저렴함|양많음,배달지연|식음
C002,황금치킨,치킨,후라이드치킨,17000,4.7,521,2000,2000,15000,0,32,바삭함|빠름|재주문,비쌈
C003,불꽃닭집,치킨,매운양념치킨,18500,4.6,338,1000,2500,16000,1500,38,매콤함|양념진함|포장깔끔,맵기강함|조금짜음
C004,오늘도치킨,치킨,간장치킨,17500,4.4,210,0,1000,15000,1000,50,단짠|배달비무료|양많음,배달느림
C005,크리스피랩,치킨,순살크리스피,19500,4.9,845,2500,1500,17000,2000,29,매우바삭함|고기부드러움|빠른배달,가격높음
C006,동네통닭,치킨,옛날통닭두마리,15000,4.0,76,3500,1000,14000,2000,42,두마리|가성비|추억의맛,기름짐|리뷰적음
S001,청춘분식,분식,떡볶이세트,12000,4.5,218,2500,1000,12000,500,38,맛있음|가성비|양많음,맵기강함
S002,국민떡볶이,분식,로제떡볶이,14500,4.8,601,2000,1500,13000,1000,35,꾸덕함|맵기적당|재주문,조금느끼함
S003,학교앞김밥,분식,김밥라면세트,10500,4.2,159,3000,500,10000,500,28,저렴함|빠름|든든함,포장평범
S004,튀김공방,분식,모둠튀김떡볶이,13500,4.3,93,1500,2000,12000,0,41,튀김바삭함|할인큼|양적당,리뷰적음|배달보통
S005,매콤한끼,분식,닭볶음떡볶이,16000,4.6,284,0,1000,15000,1000,47,배달비무료|푸짐함|매콤달콤,조리시간김
P001,오븐하우스,피자,페퍼로니피자M,18000,4.5,310,2000,2500,17000,2000,40,치즈풍부|할인좋음|도우쫄깃,조금짬
P002,치즈폭탄피자,피자,치즈크러스트L,24000,4.8,742,0,3000,20000,3000,36,치즈많음|배달비무료|가족메뉴,가격높음|느끼함
P003,스피드피자,피자,콤비네이션피자M,16500,4.1,132,1500,1000,15000,1000,24,매우빠름|무난함|가격적당,토핑적음
P004,고구마정원,피자,고구마무스피자,19500,4.7,455,2500,2000,18000,1000,44,달콤함|아이추천|토핑푸짐,배달느림
P005,한판피자,피자,불고기피자L,22000,4.3,198,3000,4000,20000,1500,48,쿠폰큼|불고기푸짐|양많음,배달비높음
K001,집밥연구소,한식,제육볶음도시락,12500,4.6,390,1500,1000,12000,500,31,반찬다양|든든함|간적당,국물적음
K002,할머니국밥,한식,돼지국밥,11000,4.7,812,2500,500,10000,1000,34,국물진함|양많음|리뷰많음,배달비있음
K003,매일한상,한식,소불고기정식,17500,4.9,566,1000,1000,16000,1500,39,고기부드러움|반찬깔끔|평점높음,가격높음
K004,불맛제육,한식,불향제육덮밥,9500,4.1,88,3000,1000,9000,500,26,저렴함|불향|빠른배달,리뷰적음|양보통
K005,따뜻한찌개,한식,김치찌개세트,13000,4.4,244,0,500,12000,500,52,배달비무료|국물맛좋음|푸짐함,배달느림
J001,만리장성,중식,짜장면탕수육세트,19000,4.5,470,2000,2000,18000,1000,37,세트구성좋음|탕수육바삭|양많음,짜장조금달음
J002,홍콩반점집,중식,짬뽕곱빼기,12000,4.3,305,2500,1500,11000,500,30,국물얼큰|면양많음|배달빠름,매움
J003,금룡각,중식,유린기덮밥,15500,4.8,615,1000,1000,14000,1000,42,고기바삭|소스상큼|평점높음,양조금적음
J004,번개중화요리,중식,볶음밥군만두세트,13500,4.0,111,0,500,13000,1000,22,매우빠름|배달비무료|무난함,간이약함
D001,달콤카페,카페/디저트,아메리카노와플세트,10500,4.6,352,2000,1000,10000,1000,27,커피진함|와플바삭|포장깔끔,음료양보통
D002,구름케이크,카페/디저트,딸기생크림케이크,18000,4.9,704,3000,2000,16000,1500,45,생크림부드러움|딸기신선|선물추천,배달비높음
D003,버터크로플,카페/디저트,크로플라떼세트,13000,4.4,179,1500,1500,12000,1000,33,버터향|할인좋음|달콤함,조금느끼함
D004,스피드커피,카페/디저트,아이스아메리카노2잔,9000,4.1,98,1000,500,9000,500,18,매우빠름|저렴함|커피무난,리뷰적음
D005,오늘의빙수,카페/디저트,인절미빙수,15000,4.7,431,2500,2500,14000,1000,39,양많음|인절미고소|쿠폰큼,여름배달주의
